data;id;command
2023-07-16;776432988;/start
2023-07-16;1703986509;/start
2023-07-16;1703986509;/start
2023-07-16;1703986509;/start
2023-07-16;1703986509;ğŸŒŸFeedback profile search
2023-07-16;1703986509;ğŸ”Profile search
2023-07-16;1703986509;ğŸŒŸFeedback profile search
2023-07-16;1703986509;ğŸ—ºVisa advisory
2023-07-16;1703986509;ğŸŒŸFeedback visa advisory
2023-07-16;1703986509;ğŸ‘¨ğŸ»â€ğŸ”¬Contact experts
2023-07-16;1703986509;/start
2023-07-16;1703986509;ğŸŒDestination search
2023-07-16;1703986509;/start
2023-07-16;776432988;/start
2023-07-16;776432988;ğŸŒDestination search
<<<<<<< HEAD
2023-07-16;1703986509;/start
2023-07-16;1703986509;/start
2023-07-16;776432988;/start
2023-07-16;1703986509;/start
2023-07-16;1703986509;/start
2023-07-16;1703986509;/start
=======
2023-07-16;800791305;/start
2023-07-16;800791305;/start
2023-07-16;800791305;/start
>>>>>>> origin/main
2023-07-16;1703986509;/start
2023-07-16;1703986509;/start
2023-07-16;1703986509;/start
2023-07-16;1703986509;/start
2023-07-16;1703986509;/start
2023-07-16;776432988;/start
